ID,Data1,Data2,Выпуск,ВыпускID,Рейтинговое агентство,Шкала,Рейтинг,РейтингID
1,2021-06-24,2021-07-13,1,  XS00000AA001,Рейтинговое агентство 1,Суверенная шкала,  A+,21
3,2021-07-21,2021-08-16,1,  XS00000AA001,Рейтинговое агентство 2,Международная шкала,  A+,21
2,2021-07-13,2021-07-21,1,  XS00000AA001,Рейтинговое агентство 3,Международная шкала,  A1,21
4,2021-08-16,2021-08-17,1,  XS00000AA001,Рейтинговое агентство 2,Международная шкала,  NR,21
5,2021-08-17,2021-08-31,1,  XS00000AA001,Рейтинговое агентство 1,Суверенная шкала,  NR,21
6,2021-06-24,2021-07-13,2,  XS00000AA002,Рейтинговое агентство 1,Международная шкала,  A,20
8,2021-07-21,2021-08-17,2,  XS00000AA002,Рейтинговое агентство 2,Суверенная шкала,  A+,21
7,2021-07-13,2021-07-21,2,  XS00000AA002,Рейтинговое агентство 3,Суверенная шкала,  A1,21
9,2021-08-17,2021-08-17,2,  XS00000AA002,Рейтинговое агентство 2,Суверенная шкала,  NR,21
10,2021-08-17,2021-08-31,2,  XS00000AA002,Рейтинговое агентство 3,Суверенная шкала,  Withdrawn,20
11,2021-06-24,2021-07-13,3,  XS00000AA003,Рейтинговое агентство 1,Суверенная шкала,  A+,21
12,2021-07-13,2021-08-15,3,  XS00000AA003,Рейтинговое агентство 3,Международная шкала,  A1,21
13,2021-08-15,2021-08-15,3,  XS00000AA003,Рейтинговое агентство 2,Международная шкала,  NR,21
15,2021-08-16,2021-08-31,3,  XS00000AA003,Рейтинговое агентство 1,Суверенная шкала,  NR,21
14,2021-08-15,2021-08-16,3,  XS00000AA003,Рейтинговое агентство 3,Международная шкала,  Withdrawn,20
16,2021-06-24,2021-07-13,4,  XS00000AA004,Рейтинговое агентство 1,Суверенная шкала,  A+,21
17,2021-07-13,2021-08-15,4,  XS00000AA004,Рейтинговое агентство 3,Международная шкала,  A1,21
18,2021-08-15,2021-08-15,4,  XS00000AA004,Рейтинговое агентство 2,Международная шкала,  NR,21
20,2021-08-16,2021-08-31,4,  XS00000AA004,Рейтинговое агентство 1,Суверенная шкала,  NR,21
19,2021-08-15,2021-08-16,4,  XS00000AA004,Рейтинговое агентство 3,Международная шкала,  Withdrawn,20
21,2021-06-24,2021-07-05,5,  XS00000AA005,Рейтинговое агентство 1,Суверенная шкала,  B+,13
23,2021-07-13,2021-08-16,5,  XS00000AA005,Рейтинговое агентство 3,Международная шкала,  Ba1,16
22,2021-07-05,2021-07-13,5,  XS00000AA005,Рейтинговое агентство 2,Международная шкала,  BBB-,17
24,2021-08-16,2021-08-16,5,  XS00000AA005,Рейтинговое агентство 1,Суверенная шкала,  NR,13
25,2021-08-16,2021-08-31,5,  XS00000AA005,Рейтинговое агентство 3,Международная шкала,  Withdrawn,15
26,2021-07-30,2021-08-09,6,  XS00000AA006,Рейтинговое агентство 1,Международная шкала,  BBB-,17
27,2021-08-09,2021-08-15,6,  XS00000AA006,Рейтинговое агентство 1,Международная шкала,  BBB-,17
28,2021-08-15,2021-08-15,6,  XS00000AA006,Рейтинговое агентство 2,Суверенная шкала,  NR,17
30,2021-08-16,2021-08-31,6,  XS00000AA006,Рейтинговое агентство 1,Международная шкала,  NR,17
29,2021-08-15,2021-08-16,6,  XS00000AA006,Рейтинговое агентство 3,Суверенная шкала,  Withdrawn,16
31,2021-06-10,2021-06-16,7,  XS00000AA007,Рейтинговое агентство 1,Международная шкала,  BBB,18
36,2021-06-10,2021-06-16,7,  XS00000AA008,Рейтинговое агентство 1,Международная шкала,  BBB,18
32,2021-06-16,2021-08-15,7,  XS00000AA007,Рейтинговое агентство 1,Международная шкала,  BBB,18
37,2021-06-16,2021-08-15,7,  XS00000AA008,Рейтинговое агентство 1,Международная шкала,  BBB,18
33,2021-08-15,2021-08-15,7,  XS00000AA007,Рейтинговое агентство 2,Суверенная шкала,  NR,18
38,2021-08-15,2021-08-15,7,  XS00000AA008,Рейтинговое агентство 2,Суверенная шкала,  NR,18
35,2021-08-16,2021-06-10,7,  XS00000AA007,Рейтинговое агентство 1,Международная шкала,  NR,18
40,2021-08-16,2021-08-31,7,  XS00000AA008,Рейтинговое агентство 1,Международная шкала,  NR,18
34,2021-08-15,2021-08-16,7,  XS00000AA007,Рейтинговое агентство 3,Суверенная шкала,  Withdrawn,17
39,2021-08-15,2021-08-16,7,  XS00000AA008,Рейтинговое агентство 3,Суверенная шкала,  Withdrawn,16
41,2021-06-14,2021-07-01,9,  XS00000AA009,Рейтинговое агентство 1,Суверенная шкала,  AAA,25
42,2021-07-01,2021-08-12,9,  XS00000AA009,Рейтинговое агентство 1,Суверенная шкала,  AAA,25
43,2021-08-12,2021-08-12,9,  XS00000AA009,Рейтинговое агентство 2,Международная шкала,  NR,25
45,2021-08-13,2021-08-31,9,  XS00000AA009,Рейтинговое агентство 1,Суверенная шкала,  NR,25
44,2021-08-12,2021-08-13,9,  XS00000AA009,Рейтинговое агентство 3,Международная шкала,  Withdrawn,24
46,2021-06-03,2021-06-21,10,  XS00000AA010,Рейтинговое агентство 1,Международная шкала,  A-,19
47,2021-06-21,2021-07-02,10,  XS00000AA010,Рейтинговое агентство 2,Суверенная шкала,  A-,19
48,2021-07-02,2021-08-12,10,  XS00000AA010,Рейтинговое агентство 3,Суверенная шкала,  A2,20
49,2021-08-12,2021-08-12,10,  XS00000AA010,Рейтинговое агентство 2,Суверенная шкала,  NR,20
51,2021-08-13,2021-08-31,10,  XS00000AA010,Рейтинговое агентство 1,Международная шкала,  NR,20
50,2021-08-12,2021-08-13,10,  XS00000AA010,Рейтинговое агентство 3,Суверенная шкала,  Withdrawn,19
52,2021-06-03,2021-06-21,11,  XS00000AA011,Рейтинговое агентство 1,Международная шкала,  A-,19
53,2021-06-21,2021-07-02,11,  XS00000AA011,Рейтинговое агентство 2,Суверенная шкала,  A-,19
54,2021-07-02,2021-08-12,11,  XS00000AA011,Рейтинговое агентство 3,Суверенная шкала,  A2,20
55,2021-08-12,2021-08-12,11,  XS00000AA011,Рейтинговое агентство 2,Суверенная шкала,  NR,20
57,2021-08-13,2021-08-31,11,  XS00000AA011,Рейтинговое агентство 1,Международная шкала,  NR,20
56,2021-08-12,2021-08-13,11,  XS00000AA011,Рейтинговое агентство 3,Суверенная шкала,  Withdrawn,19
59,2021-06-18,2021-06-22,12,  XS00000AA012,Рейтинговое агентство 2,Международная шкала,  C,7
63,2021-07-22,2021-08-04,12,  XS00000AA012,Рейтинговое агентство 2,Международная шкала,  C,7
60,2021-06-22,2021-06-23,12,  XS00000AA012,Рейтинговое агентство 3,Международная шкала,  Ca,6
58,2021-06-18,2021-06-18,12,  XS00000AA012,Рейтинговое агентство 1,Суверенная шкала,  CC,6
62,2021-07-20,2021-07-22,12,  XS00000AA012,Рейтинговое агентство 1,Суверенная шкала,  CC,6
65,2021-08-11,2021-08-31,12,  XS00000AA012,Рейтинговое агентство 1,Суверенная шкала,  D,5
61,2021-06-23,2021-07-20,12,  XS00000AA012,Рейтинговое агентство 3,Международная шкала,  Withdrawn,4
64,2021-08-04,2021-08-11,12,  XS00000AA012,Рейтинговое агентство 2,Международная шкала,  Withdrawn,4
68,2021-07-21,2021-08-10,13,  XS00000AA013,Рейтинговое агентство 2,Международная шкала,  A,20
67,2021-07-13,2021-07-21,13,  XS00000AA013,Рейтинговое агентство 3,Международная шкала,  Baa2,18
66,2021-06-24,2021-07-13,13,  XS00000AA013,Рейтинговое агентство 1,Суверенная шкала,  BBB,18
69,2021-08-10,2021-08-10,13,  XS00000AA013,Рейтинговое агентство 2,Международная шкала,  NR,18
71,2021-08-11,2021-08-31,13,  XS00000AA013,Рейтинговое агентство 1,Суверенная шкала,  NR,18
70,2021-08-10,2021-08-11,13,  XS00000AA013,Рейтинговое агентство 3,Международная шкала,  Withdrawn,17
74,2021-07-21,2021-08-10,14,  XS00000AA014,Рейтинговое агентство 2,Международная шкала,  A,20
73,2021-07-13,2021-07-21,14,  XS00000AA014,Рейтинговое агентство 3,Международная шкала,  Baa2,18
72,2021-06-24,2021-07-13,14,  XS00000AA014,Рейтинговое агентство 1,Суверенная шкала,  BBB,18
75,2021-08-10,2021-08-10,14,  XS00000AA014,Рейтинговое агентство 2,Международная шкала,  NR,18
77,2021-08-11,2021-08-31,14,  XS00000AA014,Рейтинговое агентство 1,Суверенная шкала,  NR,18
76,2021-08-10,2021-08-11,14,  XS00000AA014,Рейтинговое агентство 3,Международная шкала,  Withdrawn,17
78,2021-06-14,2021-06-15,15,  XS00000AA015,Рейтинговое агентство 1,Международная шкала,  AA,23
79,2021-06-15,2021-06-22,15,  XS00000AA015,Рейтинговое агентство 1,Международная шкала,  AA,23
81,2021-06-24,2021-08-11,15,  XS00000AA015,Рейтинговое агентство 2,Суверенная шкала,  AA,23
82,2021-08-11,2021-08-31,15,  XS00000AA015,Рейтинговое агентство 1,Международная шкала,  AA,23
80,2021-06-22,2021-06-24,15,  XS00000AA015,Рейтинговое агентство 3,Суверенная шкала,  Aa1,24
83,2021-06-14,2021-07-12,16,  XS00000AA016,Рейтинговое агентство 2,Суверенная шкала,  A+,21
84,2021-07-12,2021-08-10,16,  XS00000AA016,Рейтинговое агентство 3,Суверенная шкала,  A1,21
85,2021-08-10,2021-08-10,16,  XS00000AA016,Рейтинговое агентство 2,Суверенная шкала,  NR,21
87,2021-08-11,2021-08-31,16,  XS00000AA016,Рейтинговое агентство 1,Международная шкала,  NR,21
86,2021-08-10,2021-08-11,16,  XS00000AA016,Рейтинговое агентство 3,Суверенная шкала,  Withdrawn,20
88,2021-06-03,2021-06-21,17,  XS00000AA017,Рейтинговое агентство 1,Суверенная шкала,  A-,19
89,2021-06-21,2021-07-02,17,  XS00000AA017,Рейтинговое агентство 2,Международная шкала,  A-,19
90,2021-07-02,2021-08-09,17,  XS00000AA017,Рейтинговое агентство 3,Международная шкала,  A2,20
91,2021-08-09,2021-08-09,17,  XS00000AA017,Рейтинговое агентство 2,Международная шкала,  NR,20
93,2021-08-10,2021-08-31,17,  XS00000AA017,Рейтинговое агентство 1,Суверенная шкала,  NR,19
92,2021-08-09,2021-08-10,17,  XS00000AA017,Рейтинговое агентство 3,Международная шкала,  Withdrawn,19
94,2021-06-24,2021-07-01,18,  XS00000AA018,Рейтинговое агентство 1,Международная шкала,  A+,21
95,2021-07-01,2021-08-09,18,  XS00000AA018,Рейтинговое агентство 2,Суверенная шкала,  AA,23
96,2021-08-09,2021-08-09,18,  XS00000AA018,Рейтинговое агентство 2,Суверенная шкала,  NR,23
98,2021-08-10,2021-08-31,18,  XS00000AA018,Рейтинговое агентство 1,Международная шкала,  NR,21
97,2021-08-09,2021-08-10,18,  XS00000AA018,Рейтинговое агентство 3,Суверенная шкала,  Withdrawn,22
103,2021-08-09,2021-08-31,19,  XS00000AA019,Рейтинговое агентство 3,Международная шкала,  Caa1,10
100,2021-06-03,2021-06-21,19,  XS00000AA019,Рейтинговое агентство 3,Международная шкала,  Caa2,9
99,2021-06-03,2021-06-03,19,  XS00000AA019,Рейтинговое агентство 1,Суверенная шкала,  CCC,9
101,2021-06-21,2021-08-09,19,  XS00000AA019,Рейтинговое агентство 1,Суверенная шкала,  CCC,9
102,2021-08-09,2021-08-09,19,  XS00000AA019,Рейтинговое агентство 1,Суверенная шкала,  CCC+,10
104,2021-07-06,2021-08-02,20,  XS00000AA020,Рейтинговое агентство 2,Международная шкала,  AAA,25
105,2021-08-02,2021-08-08,20,  XS00000AA020,Рейтинговое агентство 3,Международная шкала,  Aaa,25
106,2021-08-08,2021-08-08,20,  XS00000AA020,Рейтинговое агентство 2,Международная шкала,  NR,25
108,2021-08-09,2021-08-31,20,  XS00000AA020,Рейтинговое агентство 1,Суверенная шкала,  NR,25
107,2021-08-08,2021-08-09,20,  XS00000AA020,Рейтинговое агентство 3,Международная шкала,  Withdrawn,24
110,2021-07-05,2021-07-13,21,  XS00000AA021,Рейтинговое агентство 2,Международная шкала,  A,20
111,2021-07-13,2021-08-05,21,  XS00000AA021,Рейтинговое агентство 3,Международная шкала,  Baa1,19
109,2021-06-24,2021-07-05,21,  XS00000AA021,Рейтинговое агентство 1,Суверенная шкала,  BBB,18
112,2021-08-05,2021-08-05,21,  XS00000AA021,Рейтинговое агентство 2,Международная шкала,  NR,19
114,2021-08-06,2021-08-31,21,  XS00000AA021,Рейтинговое агентство 1,Суверенная шкала,  NR,18
113,2021-08-05,2021-08-06,21,  XS00000AA021,Рейтинговое агентство 3,Международная шкала,  Withdrawn,18
118,2021-06-14,2021-08-06,22,  XS00000AA022,Рейтинговое агентство 3,Суверенная шкала,  Ba2,15
117,2021-06-14,2021-06-14,22,  XS00000AA022,Рейтинговое агентство 1,Международная шкала,  BB,15
115,2021-06-08,2021-06-08,22,  XS00000AA022,Рейтинговое агентство 2,Международная шкала,  BB+,16
116,2021-06-08,2021-06-14,22,  XS00000AA022,Рейтинговое агентство 2,Суверенная шкала,  BB+,16
119,2021-08-06,2021-08-31,22,  XS00000AA022,Рейтинговое агентство 1,Международная шкала,  BB+,16
123,2021-06-14,2021-08-06,23,  XS00000AA023,Рейтинговое агентство 3,Суверенная шкала,  Ba2,15
122,2021-06-14,2021-06-14,23,  XS00000AA023,Рейтинговое агентство 1,Международная шкала,  BB,15
120,2021-06-08,2021-06-08,23,  XS00000AA023,Рейтинговое агентство 2,Международная шкала,  BB+,16
121,2021-06-08,2021-06-14,23,  XS00000AA023,Рейтинговое агентство 2,Суверенная шкала,  BB+,16
124,2021-08-06,2021-08-31,23,  XS00000AA023,Рейтинговое агентство 1,Международная шкала,  BB+,16
128,2021-06-14,2021-08-06,24,  XS00000AA024,Рейтинговое агентство 3,Суверенная шкала,  Ba2,15
127,2021-06-14,2021-06-14,24,  XS00000AA024,Рейтинговое агентство 1,Международная шкала,  BB,15
125,2021-06-08,2021-06-08,24,  XS00000AA024,Рейтинговое агентство 2,Международная шкала,  BB+,16
126,2021-06-08,2021-06-14,24,  XS00000AA024,Рейтинговое агентство 2,Суверенная шкала,  BB+,16
129,2021-08-06,2021-08-31,24,  XS00000AA024,Рейтинговое агентство 1,Международная шкала,  BB+,16
133,2021-06-14,2021-08-31,25,  XS00000AA025,Рейтинговое агентство 3,Суверенная шкала,  Ba2,15
132,2021-06-14,2021-06-14,25,  XS00000AA025,Рейтинговое агентство 1,Международная шкала,  BB,15
130,2021-06-08,2021-06-08,25,  XS00000AA025,Рейтинговое агентство 2,Международная шкала,  BB+,16
131,2021-06-08,2021-06-14,25,  XS00000AA025,Рейтинговое агентство 2,Суверенная шкала,  BB+,16
134,2021-08-06,2021-06-08,25,  XS00000AA025,Рейтинговое агентство 1,Международная шкала,  BB+,16
138,2021-06-14,2021-08-06,26,  XS00000AA026,Рейтинговое агентство 3,Суверенная шкала,  Ba2,15
137,2021-06-14,2021-06-14,26,  XS00000AA026,Рейтинговое агентство 1,Международная шкала,  BB,15
135,2021-06-08,2021-06-08,26,  XS00000AA026,Рейтинговое агентство 2,Международная шкала,  BB+,16
136,2021-06-08,2021-06-14,26,  XS00000AA026,Рейтинговое агентство 2,Суверенная шкала,  BB+,16
139,2021-08-06,2021-08-31,26,  XS00000AA026,Рейтинговое агентство 1,Международная шкала,  BB+,16
143,2021-06-14,2021-08-06,27,  XS00000AA027,Рейтинговое агентство 3,Суверенная шкала,  Ba2,15
142,2021-06-14,2021-06-14,27,  XS00000AA027,Рейтинговое агентство 1,Международная шкала,  BB,15
140,2021-06-08,2021-06-08,27,  XS00000AA027,Рейтинговое агентство 2,Международная шкала,  BB+,16
141,2021-06-08,2021-06-14,27,  XS00000AA027,Рейтинговое агентство 2,Суверенная шкала,  BB+,16
144,2021-08-06,2021-08-31,27,  XS00000AA027,Рейтинговое агентство 1,Международная шкала,  BB+,16
148,2021-06-14,2021-08-06,28,  XS00000AA028,Рейтинговое агентство 3,Суверенная шкала,  Ba2,15
147,2021-06-14,2021-06-14,28,  XS00000AA028,Рейтинговое агентство 1,Международная шкала,  BB,15
145,2021-06-08,2021-06-08,28,  XS00000AA028,Рейтинговое агентство 2,Международная шкала,  BB+,16
146,2021-06-08,2021-06-14,28,  XS00000AA028,Рейтинговое агентство 2,Суверенная шкала,  BB+,16
149,2021-08-06,2021-08-31,28,  XS00000AA028,Рейтинговое агентство 1,Международная шкала,  BB+,16
150,2021-06-17,2021-07-16,29,  XS00000AA029,Рейтинговое агентство 2,Суверенная шкала,  BB-,14
152,2021-07-19,2021-08-04,29,  XS00000AA029,Рейтинговое агентство 2,Суверенная шкала,  BB-,14
151,2021-07-16,2021-07-19,29,  XS00000AA029,Рейтинговое агентство 1,Международная шкала,  CCC,9
153,2021-08-04,2021-08-06,29,  XS00000AA029,Рейтинговое агентство 2,Суверенная шкала,  Withdrawn,13
154,2021-08-06,2021-08-31,29,  XS00000AA029,Рейтинговое агентство 3,Суверенная шкала,  Withdrawn,12
155,2021-06-22,2021-06-30,30,  XS00000AA030,Рейтинговое агентство 2,Международная шкала,  B-,11
156,2021-06-30,2021-07-26,30,  XS00000AA030,Рейтинговое агентство 3,Международная шкала,  B3,11
159,2021-08-02,2021-08-05,30,  XS00000AA030,Рейтинговое агентство 3,Международная шкала,  Caa2,9
158,2021-07-28,2021-08-02,30,  XS00000AA030,Рейтинговое агентство 2,Международная шкала,  CCC,9
160,2021-08-05,2021-08-31,30,  XS00000AA030,Рейтинговое агентство 1,Суверенная шкала,  CCC-,8
157,2021-07-26,2021-07-28,30,  XS00000AA030,Рейтинговое агентство 1,Суверенная шкала,  CCC+,10
161,2021-06-22,2021-06-30,31,  XS00000AA031,Рейтинговое агентство 2,Международная шкала,  B-,11
162,2021-06-30,2021-07-26,31,  XS00000AA031,Рейтинговое агентство 3,Суверенная шкала,  B3,11
165,2021-08-02,2021-08-05,31,  XS00000AA031,Рейтинговое агентство 3,Суверенная шкала,  Caa2,9
164,2021-07-28,2021-08-02,31,  XS00000AA031,Рейтинговое агентство 2,Международная шкала,  CCC,9
166,2021-08-05,2021-08-31,31,  XS00000AA031,Рейтинговое агентство 1,Суверенная шкала,  CCC-,8
163,2021-07-26,2021-07-28,31,  XS00000AA031,Рейтинговое агентство 1,Суверенная шкала,  CCC+,10
167,2021-06-22,2021-06-30,32,  XS00000AA032,Рейтинговое агентство 2,Международная шкала,  B-,11
168,2021-06-30,2021-07-26,32,  XS00000AA032,Рейтинговое агентство 3,Международная шкала,  B3,11
171,2021-08-02,2021-08-05,32,  XS00000AA032,Рейтинговое агентство 3,Международная шкала,  Caa2,9
170,2021-07-28,2021-08-02,32,  XS00000AA032,Рейтинговое агентство 2,Международная шкала,  CCC,9
172,2021-08-05,2021-08-31,32,  XS00000AA032,Рейтинговое агентство 1,Суверенная шкала,  CCC-,8
169,2021-07-26,2021-07-28,32,  XS00000AA032,Рейтинговое агентство 1,Суверенная шкала,  CCC+,10
173,2021-06-22,2021-06-30,33,  XS00000AA033,Рейтинговое агентство 2,Международная шкала,  B-,11
174,2021-06-30,2021-07-26,33,  XS00000AA033,Рейтинговое агентство 3,Суверенная шкала,  B3,11
177,2021-08-02,2021-08-05,33,  XS00000AA033,Рейтинговое агентство 3,Суверенная шкала,  Caa2,9
176,2021-07-28,2021-08-02,33,  XS00000AA033,Рейтинговое агентство 2,Международная шкала,  CCC,9
178,2021-08-05,2021-08-31,33,  XS00000AA033,Рейтинговое агентство 1,Суверенная шкала,  CCC-,8
175,2021-07-26,2021-07-28,33,  XS00000AA033,Рейтинговое агентство 1,Суверенная шкала,  CCC+,10
181,2021-07-13,2021-07-30,34,  XS00000AA034,Рейтинговое агентство 3,Международная шкала,  Baa2,18
179,2021-06-24,2021-07-05,34,  XS00000AA034,Рейтинговое агентство 1,Суверенная шкала,  BB+,16
180,2021-07-05,2021-07-13,34,  XS00000AA034,Рейтинговое агентство 2,Международная шкала,  BBB,18
182,2021-07-30,2021-08-04,34,  XS00000AA034,Рейтинговое агентство 3,Международная шкала,  Withdrawn,17
183,2021-08-04,2021-08-31,34,  XS00000AA034,Рейтинговое агентство 2,Международная шкала,  Withdrawn,16
185,2021-06-18,2021-06-22,35,  XS00000AA035,Рейтинговое агентство 2,Международная шкала,  C,7
189,2021-07-22,2021-08-04,35,  XS00000AA035,Рейтинговое агентство 2,Международная шкала,  C,7
186,2021-06-22,2021-06-23,35,  XS00000AA035,Рейтинговое агентство 3,Международная шкала,  Ca,6
184,2021-06-18,2021-06-18,35,  XS00000AA035,Рейтинговое агентство 1,Суверенная шкала,  CC,6
188,2021-07-20,2021-07-22,35,  XS00000AA035,Рейтинговое агентство 1,Суверенная шкала,  D,5
187,2021-06-23,2021-07-20,35,  XS00000AA035,Рейтинговое агентство 3,Международная шкала,  Withdrawn,4
190,2021-08-04,2021-08-31,35,  XS00000AA035,Рейтинговое агентство 2,Международная шкала,  Withdrawn,3
191,2021-06-21,2021-06-22,36,  XS00000AA036,Рейтинговое агентство 1,Суверенная шкала,  AAA,25
192,2021-06-22,2021-06-22,36,  XS00000AA036,Рейтинговое агентство 2,Международная шкала,  AAA,25
193,2021-06-22,2021-07-06,36,  XS00000AA036,Рейтинговое агентство 3,Международная шкала,  Aaa,25
194,2021-07-06,2021-08-02,36,  XS00000AA036,Рейтинговое агентство 2,Международная шкала,  AAA,25
195,2021-08-02,2021-08-31,36,  XS00000AA036,Рейтинговое агентство 3,Международная шкала,  Aaa,25
196,2021-06-14,2021-06-15,37,  XS00000AA037,Рейтинговое агентство 1,Суверенная шкала,  AAA,25
197,2021-06-15,2021-06-15,37,  XS00000AA037,Рейтинговое агентство 2,Международная шкала,  AAA,25
198,2021-06-15,2021-07-06,37,  XS00000AA037,Рейтинговое агентство 3,Международная шкала,  Aaa,25
199,2021-07-06,2021-08-02,37,  XS00000AA037,Рейтинговое агентство 2,Международная шкала,  AAA,25
200,2021-08-02,2021-08-31,37,  XS00000AA037,Рейтинговое агентство 3,Международная шкала,  Aaa,25
201,2021-06-04,2021-06-04,38,  XS00000AA038,Рейтинговое агентство 1,Суверенная шкала,  AAA,25
202,2021-06-04,2021-06-07,38,  XS00000AA038,Рейтинговое агентство 3,Международная шкала,  Aaa,25
203,2021-06-07,2021-07-06,38,  XS00000AA038,Рейтинговое агентство 2,Международная шкала,  AAA,25
204,2021-07-06,2021-08-02,38,  XS00000AA038,Рейтинговое агентство 2,Международная шкала,  AAA,25
205,2021-08-02,2021-08-31,38,  XS00000AA038,Рейтинговое агентство 3,Международная шкала,  Aaa,25
206,2021-06-04,2021-06-04,39,  XS00000AA039,Рейтинговое агентство 1,Суверенная шкала,  AAA,25
207,2021-06-04,2021-06-07,39,  XS00000AA039,Рейтинговое агентство 3,Международная шкала,  Aaa,25
208,2021-06-07,2021-07-06,39,  XS00000AA039,Рейтинговое агентство 2,Международная шкала,  AAA,25
209,2021-07-06,2021-08-02,39,  XS00000AA039,Рейтинговое агентство 2,Международная шкала,  AAA,25
210,2021-08-02,2021-08-31,39,  XS00000AA039,Рейтинговое агентство 3,Международная шкала,  Aaa,25
211,2021-06-14,2021-07-12,40,  XS00000AA040,Рейтинговое агентство 2,Суверенная шкала,  A+,21
212,2021-07-12,2021-07-31,40,  XS00000AA040,Рейтинговое агентство 3,Суверенная шкала,  A1,21
213,2021-07-31,2021-07-31,40,  XS00000AA040,Рейтинговое агентство 2,Суверенная шкала,  NR,21
215,2021-08-01,2021-08-31,40,  XS00000AA040,Рейтинговое агентство 1,Международная шкала,  NR,21
214,2021-07-31,2021-08-01,40,  XS00000AA040,Рейтинговое агентство 3,Суверенная шкала,  Withdrawn,20
216,2021-06-24,2021-07-13,41,  XS00000AA041,Рейтинговое агентство 1,Суверенная шкала,  A+,21
218,2021-07-21,2021-07-30,41,  XS00000AA041,Рейтинговое агентство 2,Международная шкала,  A+,21
217,2021-07-13,2021-07-21,41,  XS00000AA041,Рейтинговое агентство 3,Международная шкала,  A1,21
219,2021-07-30,2021-07-30,41,  XS00000AA041,Рейтинговое агентство 2,Международная шкала,  NR,21
221,2021-07-31,2021-08-31,41,  XS00000AA041,Рейтинговое агентство 1,Суверенная шкала,  NR,21
220,2021-07-30,2021-07-31,41,  XS00000AA041,Рейтинговое агентство 3,Международная шкала,  Withdrawn,20
223,2021-06-09,2021-06-09,42,  XS00000AA042,Рейтинговое агентство 2,Международная шкала,  A+,21
222,2021-06-09,2021-06-09,42,  XS00000AA042,Рейтинговое агентство 1,Суверенная шкала,  AA-,22
225,2021-06-24,2021-07-30,42,  XS00000AA042,Рейтинговое агентство 1,Суверенная шкала,  AA-,22
226,2021-07-30,2021-08-31,42,  XS00000AA042,Рейтинговое агентство 1,Суверенная шкала,  AA-,22
224,2021-06-09,2021-06-24,42,  XS00000AA042,Рейтинговое агентство 3,Суверенная шкала,  Aa3,22
228,2021-06-09,2021-06-09,43,  XS00000AA043,Рейтинговое агентство 2,Международная шкала,  A+,21
227,2021-06-09,2021-06-09,43,  XS00000AA043,Рейтинговое агентство 1,Суверенная шкала,  AA-,22
230,2021-06-24,2021-07-30,43,  XS00000AA043,Рейтинговое агентство 1,Суверенная шкала,  AA-,22
231,2021-07-30,2021-08-31,43,  XS00000AA043,Рейтинговое агентство 1,Суверенная шкала,  AA-,22
229,2021-06-09,2021-06-24,43,  XS00000AA043,Рейтинговое агентство 3,Суверенная шкала,  Aa3,22
233,2021-06-09,2021-06-09,44,  XS00000AA044,Рейтинговое агентство 2,Международная шкала,  A+,21
232,2021-06-09,2021-06-09,44,  XS00000AA044,Рейтинговое агентство 1,Суверенная шкала,  AA-,22
235,2021-06-24,2021-07-30,44,  XS00000AA044,Рейтинговое агентство 1,Суверенная шкала,  AA-,22
236,2021-07-30,2021-08-31,44,  XS00000AA044,Рейтинговое агентство 1,Суверенная шкала,  AA-,22
234,2021-06-09,2021-06-24,44,  XS00000AA044,Рейтинговое агентство 3,Суверенная шкала,  Aa3,22
238,2021-06-09,2021-06-09,45,  XS00000AA045,Рейтинговое агентство 2,Международная шкала,  A+,21
237,2021-06-09,2021-06-09,45,  XS00000AA045,Рейтинговое агентство 1,Суверенная шкала,  AA-,22
240,2021-06-24,2021-07-30,45,  XS00000AA045,Рейтинговое агентство 1,Суверенная шкала,  AA-,22
241,2021-07-30,2021-08-31,45,  XS00000AA045,Рейтинговое агентство 1,Суверенная шкала,  AA-,22
239,2021-06-09,2021-06-24,45,  XS00000AA045,Рейтинговое агентство 3,Суверенная шкала,  Aa3,22
242,2021-06-24,2021-07-13,46,  XS00000AA046,Рейтинговое агентство 1,Суверенная шкала,  A+,21
243,2021-07-13,2021-07-29,46,  XS00000AA046,Рейтинговое агентство 3,Международная шкала,  Aa2,23
244,2021-07-29,2021-07-29,46,  XS00000AA046,Рейтинговое агентство 2,Международная шкала,  NR,23
246,2021-07-30,2021-08-31,46,  XS00000AA046,Рейтинговое агентство 1,Суверенная шкала,  NR,21
245,2021-07-29,2021-07-30,46,  XS00000AA046,Рейтинговое агентство 3,Международная шкала,  Withdrawn,22
248,2021-06-07,2021-06-08,47,  XS00000AA047,Рейтинговое агентство 2,Международная шкала,  AA+,24
251,2021-07-26,2021-07-30,47,  XS00000AA047,Рейтинговое агентство 2,Международная шкала,  AA+,24
249,2021-06-08,2021-06-18,47,  XS00000AA047,Рейтинговое агентство 3,Международная шкала,  Aa1,24
252,2021-07-30,2021-08-31,47,  XS00000AA047,Рейтинговое агентство 3,Международная шкала,  Aa1,24
247,2021-06-04,2021-06-07,47,  XS00000AA047,Рейтинговое агентство 1,Суверенная шкала,  AAA,25
250,2021-06-18,2021-07-26,47,  XS00000AA047,Рейтинговое агентство 1,Суверенная шкала,  AAA,25
254,2021-06-21,2021-06-24,48,  XS00000AA048,Рейтинговое агентство 3,Суверенная шкала,  Baa3,17
255,2021-06-24,2021-06-25,48,  XS00000AA048,Рейтинговое агентство 3,Суверенная шкала,  Baa3,17
253,2021-06-21,2021-06-21,48,  XS00000AA048,Рейтинговое агентство 2,Суверенная шкала,  BBB-,17
256,2021-06-25,2021-07-29,48,  XS00000AA048,Рейтинговое агентство 1,Международная шкала,  BBB-,17
257,2021-07-29,2021-08-31,48,  XS00000AA048,Рейтинговое агентство 1,Международная шкала,  BBB-,17
259,2021-06-21,2021-06-24,49,  XS00000AA049,Рейтинговое агентство 3,Суверенная шкала,  Baa3,17
260,2021-06-24,2021-06-25,49,  XS00000AA049,Рейтинговое агентство 3,Суверенная шкала,  Baa3,17
258,2021-06-21,2021-06-21,49,  XS00000AA049,Рейтинговое агентство 2,Суверенная шкала,  BBB-,17
261,2021-06-25,2021-07-29,49,  XS00000AA049,Рейтинговое агентство 1,Международная шкала,  BBB-,17
262,2021-07-29,2021-08-31,49,  XS00000AA049,Рейтинговое агентство 1,Международная шкала,  BBB-,17
266,2021-06-24,2021-07-29,50,  XS00000AA050,Рейтинговое агентство 3,Суверенная шкала,  Ba1,16
264,2021-06-24,2021-06-24,50,  XS00000AA050,Рейтинговое агентство 2,Международная шкала,  BB+,16
265,2021-06-24,2021-06-24,50,  XS00000AA050,Рейтинговое агентство 2,Суверенная шкала,  BB+,16
263,2021-06-24,2021-06-24,50,  XS00000AA050,Рейтинговое агентство 1,Международная шкала,  BBB-,17
267,2021-07-29,2021-08-31,50,  XS00000AA050,Рейтинговое агентство 1,Международная шкала,  BBB-,17
270,2021-06-07,2021-06-18,51,  XS00000AA051,Рейтинговое агентство 3,Международная шкала,  Ba1,16
271,2021-06-18,2021-07-27,51,  XS00000AA051,Рейтинговое агентство 3,Международная шкала,  Ba1,16
268,2021-06-03,2021-06-04,51,  XS00000AA051,Рейтинговое агентство 2,Международная шкала,  BB+,16
269,2021-06-04,2021-06-07,51,  XS00000AA051,Рейтинговое агентство 1,Суверенная шкала,  BB+,16
272,2021-07-27,2021-07-29,51,  XS00000AA051,Рейтинговое агентство 1,Суверенная шкала,  BB+,16
273,2021-07-29,2021-08-31,51,  XS00000AA051,Рейтинговое агентство 2,Международная шкала,  BB+,16
276,2021-06-07,2021-06-18,52,  XS00000AA052,Рейтинговое агентство 3,Международная шкала,  Ba1,16
277,2021-06-18,2021-07-27,52,  XS00000AA052,Рейтинговое агентство 3,Международная шкала,  Ba1,16
274,2021-06-03,2021-06-04,52,  XS00000AA052,Рейтинговое агентство 2,Международная шкала,  BB+,16
275,2021-06-04,2021-06-07,52,  XS00000AA052,Рейтинговое агентство 1,Суверенная шкала,  BB+,16
278,2021-07-27,2021-07-29,52,  XS00000AA052,Рейтинговое агентство 1,Суверенная шкала,  BB+,16
279,2021-07-29,2021-08-31,52,  XS00000AA052,Рейтинговое агентство 2,Международная шкала,  BB+,16
282,2021-06-07,2021-06-18,53,  XS00000AA053,Рейтинговое агентство 3,Международная шкала,  Ba1,16
283,2021-06-18,2021-07-27,53,  XS00000AA053,Рейтинговое агентство 3,Международная шкала,  Ba1,16
280,2021-06-03,2021-06-04,53,  XS00000AA053,Рейтинговое агентство 2,Международная шкала,  BB+,16
281,2021-06-04,2021-06-07,53,  XS00000AA053,Рейтинговое агентство 1,Суверенная шкала,  BB+,16
284,2021-07-27,2021-07-29,53,  XS00000AA053,Рейтинговое агентство 1,Суверенная шкала,  BB+,16
285,2021-07-29,2021-08-31,53,  XS00000AA053,Рейтинговое агентство 2,Международная шкала,  BB+,16
287,2021-06-04,2021-06-10,54,  XS00000AA054,Рейтинговое агентство 3,Суверенная шкала,  Baa3,17
288,2021-06-10,2021-07-14,54,  XS00000AA054,Рейтинговое агентство 2,Суверенная шкала,  BBB,18
290,2021-07-29,2021-08-31,54,  XS00000AA054,Рейтинговое агентство 2,Суверенная шкала,  BBB,18
286,2021-06-04,2021-06-04,54,  XS00000AA054,Рейтинговое агентство 1,Международная шкала,  BBB-,17
289,2021-07-14,2021-07-29,54,  XS00000AA054,Рейтинговое агентство 1,Международная шкала,  BBB-,17
291,2021-06-24,2021-07-05,55,  XS00000AA055,Рейтинговое агентство 1,Суверенная шкала,  A,20
292,2021-07-05,2021-07-13,55,  XS00000AA055,Рейтинговое агентство 2,Международная шкала,  A+,21
293,2021-07-13,2021-07-27,55,  XS00000AA055,Рейтинговое агентство 3,Международная шкала,  A1,21
294,2021-07-27,2021-07-27,55,  XS00000AA055,Рейтинговое агентство 2,Международная шкала,  NR,21
296,2021-07-28,2021-08-31,55,  XS00000AA055,Рейтинговое агентство 1,Суверенная шкала,  NR,21
295,2021-07-27,2021-07-28,55,  XS00000AA055,Рейтинговое агентство 3,Международная шкала,  Withdrawn,20
297,2021-06-14,2021-07-12,56,  XS00000AA056,Рейтинговое агентство 2,Международная шкала,  A+,21
298,2021-07-12,2021-07-27,56,  XS00000AA056,Рейтинговое агентство 3,Международная шкала,  A1,21
299,2021-07-27,2021-07-27,56,  XS00000AA056,Рейтинговое агентство 2,Международная шкала,  NR,21
301,2021-07-28,2021-08-31,56,  XS00000AA056,Рейтинговое агентство 1,Суверенная шкала,  NR,21
300,2021-07-27,2021-07-28,56,  XS00000AA056,Рейтинговое агентство 3,Международная шкала,  Withdrawn,20
302,2021-06-14,2021-07-12,57,  XS00000AA057,Рейтинговое агентство 2,Международная шкала,  A+,21
303,2021-07-12,2021-07-27,57,  XS00000AA057,Рейтинговое агентство 3,Международная шкала,  A1,21
304,2021-07-27,2021-07-27,57,  XS00000AA057,Рейтинговое агентство 2,Международная шкала,  NR,21
306,2021-07-28,2021-08-31,57,  XS00000AA057,Рейтинговое агентство 1,Суверенная шкала,  NR,21
305,2021-07-27,2021-07-28,57,  XS00000AA057,Рейтинговое агентство 3,Международная шкала,  Withdrawn,20
307,2021-06-24,2021-07-01,58,  XS00000AA058,Рейтинговое агентство 1,Международная шкала,  A+,21
308,2021-07-01,2021-07-26,58,  XS00000AA058,Рейтинговое агентство 2,Суверенная шкала,  AA,23
309,2021-07-26,2021-07-26,58,  XS00000AA058,Рейтинговое агентство 1,Международная шкала,  NR,21
310,2021-07-26,2021-07-28,58,  XS00000AA058,Рейтинговое агентство 2,Суверенная шкала,  Withdrawn,22
311,2021-07-28,2021-08-31,58,  XS00000AA058,Рейтинговое агентство 3,Суверенная шкала,  Withdrawn,21
313,2021-07-15,2021-07-26,59,  XS00000AA059,Рейтинговое агентство 2,Международная шкала,  AA,23
312,2021-06-16,2021-07-15,59,  XS00000AA059,Рейтинговое агентство 3,Международная шкала,  Aa2,23
314,2021-07-26,2021-07-26,59,  XS00000AA059,Рейтинговое агентство 2,Международная шкала,  NR,23
316,2021-07-27,2021-08-31,59,  XS00000AA059,Рейтинговое агентство 1,Суверенная шкала,  NR,23
315,2021-07-26,2021-07-27,59,  XS00000AA059,Рейтинговое агентство 3,Международная шкала,  Withdrawn,22
317,2021-06-14,2021-07-12,60,  XS00000AA060,Рейтинговое агентство 2,Международная шкала,  A+,21
318,2021-07-12,2021-07-26,60,  XS00000AA060,Рейтинговое агентство 3,Суверенная шкала,  A1,21
319,2021-07-26,2021-07-26,60,  XS00000AA060,Рейтинговое агентство 2,Международная шкала,  NR,21
321,2021-07-27,2021-08-31,60,  XS00000AA060,Рейтинговое агентство 1,Международная шкала,  NR,21
320,2021-07-26,2021-07-27,60,  XS00000AA060,Рейтинговое агентство 3,Суверенная шкала,  Withdrawn,20
322,2021-06-14,2021-07-12,61,  XS00000AA061,Рейтинговое агентство 2,Международная шкала,  A+,21
323,2021-07-12,2021-07-26,61,  XS00000AA061,Рейтинговое агентство 3,Суверенная шкала,  A1,21
324,2021-07-26,2021-07-26,61,  XS00000AA061,Рейтинговое агентство 2,Международная шкала,  NR,21
326,2021-07-27,2021-08-31,61,  XS00000AA061,Рейтинговое агентство 1,Международная шкала,  NR,21
325,2021-07-26,2021-07-27,61,  XS00000AA061,Рейтинговое агентство 3,Суверенная шкала,  Withdrawn,20
327,2021-06-07,2021-06-07,62,  XS00000AA062,Рейтинговое агентство 2,Международная шкала,  A,20
328,2021-06-07,2021-06-07,62,  XS00000AA062,Рейтинговое агентство 2,Суверенная шкала,  A,20
330,2021-06-08,2021-07-26,62,  XS00000AA062,Рейтинговое агентство 1,Международная шкала,  A,20
331,2021-07-26,2021-08-31,62,  XS00000AA062,Рейтинговое агентство 1,Международная шкала,  A,20
329,2021-06-07,2021-06-08,62,  XS00000AA062,Рейтинговое агентство 3,Суверенная шкала,  A3,19
333,2021-06-17,2021-06-17,63,  XS00000AA063,Рейтинговое агентство 1,Суверенная шкала,  A-,19
335,2021-07-01,2021-07-26,63,  XS00000AA063,Рейтинговое агентство 1,Суверенная шкала,  A-,19
334,2021-06-17,2021-07-01,63,  XS00000AA063,Рейтинговое агентство 3,Международная шкала,  A3,19
332,2021-06-15,2021-06-17,63,  XS00000AA063,Рейтинговое агентство 2,Международная шкала,  AA-,22
336,2021-07-26,2021-08-31,63,  XS00000AA063,Рейтинговое агентство 2,Международная шкала,  AA-,22
337,2021-07-01,2021-07-15,64,  XS00000AA064,Рейтинговое агентство 2,Суверенная шкала,  BBB+,19
338,2021-07-15,2021-07-23,64,  XS00000AA064,Рейтинговое агентство 1,Международная шкала,  BBB+,19
339,2021-07-23,2021-07-26,64,  XS00000AA064,Рейтинговое агентство 1,Международная шкала,  NR,19
340,2021-07-26,2021-07-26,64,  XS00000AA064,Рейтинговое агентство 2,Суверенная шкала,  Withdrawn,18
341,2021-07-26,2021-08-31,64,  XS00000AA064,Рейтинговое агентство 3,Суверенная шкала,  Withdrawn,17
343,2021-06-07,2021-06-07,65,  XS00000AA065,Рейтинговое агентство 2,Суверенная шкала,  A-,19
344,2021-06-07,2021-06-14,65,  XS00000AA065,Рейтинговое агентство 3,Суверенная шкала,  Baa1,19
346,2021-07-26,2021-08-31,65,  XS00000AA065,Рейтинговое агентство 3,Суверенная шкала,  Baa1,19
342,2021-06-07,2021-06-07,65,  XS00000AA065,Рейтинговое агентство 1,Международная шкала,  BBB+,19
345,2021-06-14,2021-07-26,65,  XS00000AA065,Рейтинговое агентство 1,Международная шкала,  BBB+,19
347,2021-06-24,2021-07-05,66,  XS00000AA066,Рейтинговое агентство 1,Суверенная шкала,  A,20
348,2021-07-05,2021-07-13,66,  XS00000AA066,Рейтинговое агентство 2,Международная шкала,  A+,21
349,2021-07-13,2021-07-23,66,  XS00000AA066,Рейтинговое агентство 3,Международная шкала,  A1,21
350,2021-07-23,2021-07-23,66,  XS00000AA066,Рейтинговое агентство 2,Международная шкала,  NR,21
352,2021-07-25,2021-08-31,66,  XS00000AA066,Рейтинговое агентство 1,Суверенная шкала,  NR,21
351,2021-07-23,2021-07-25,66,  XS00000AA066,Рейтинговое агентство 3,Международная шкала,  Withdrawn,20
353,2021-06-24,2021-07-13,67,  XS00000AA067,Рейтинговое агентство 1,Международная шкала,  A,20
354,2021-07-13,2021-07-24,67,  XS00000AA067,Рейтинговое агентство 3,Суверенная шкала,  A1,21
355,2021-07-24,2021-07-24,67,  XS00000AA067,Рейтинговое агентство 2,Суверенная шкала,  NR,21
357,2021-07-25,2021-08-31,67,  XS00000AA067,Рейтинговое агентство 1,Международная шкала,  NR,20
356,2021-07-24,2021-07-25,67,  XS00000AA067,Рейтинговое агентство 3,Суверенная шкала,  Withdrawn,20
358,2021-06-24,2021-07-05,68,  XS00000AA068,Рейтинговое агентство 1,Международная шкала,  A,20
359,2021-07-05,2021-07-13,68,  XS00000AA068,Рейтинговое агентство 2,Суверенная шкала,  A+,21
360,2021-07-13,2021-07-24,68,  XS00000AA068,Рейтинговое агентство 3,Суверенная шкала,  A1,21
361,2021-07-24,2021-07-24,68,  XS00000AA068,Рейтинговое агентство 2,Суверенная шкала,  NR,21
363,2021-07-25,2021-08-31,68,  XS00000AA068,Рейтинговое агентство 1,Международная шкала,  NR,21
362,2021-07-24,2021-07-25,68,  XS00000AA068,Рейтинговое агентство 3,Суверенная шкала,  Withdrawn,20
364,2021-06-24,2021-07-05,69,  XS00000AA069,Рейтинговое агентство 1,Суверенная шкала,  A+,21
365,2021-07-05,2021-07-13,69,  XS00000AA069,Рейтинговое агентство 2,Международная шкала,  A+,21
366,2021-07-13,2021-07-22,69,  XS00000AA069,Рейтинговое агентство 3,Международная шкала,  A1,21
367,2021-07-22,2021-07-22,69,  XS00000AA069,Рейтинговое агентство 2,Международная шкала,  NR,21
369,2021-07-23,2021-08-31,69,  XS00000AA069,Рейтинговое агентство 1,Суверенная шкала,  NR,21
368,2021-07-22,2021-07-23,69,  XS00000AA069,Рейтинговое агентство 3,Международная шкала,  Withdrawn,20
370,2021-06-24,2021-07-01,70,  XS00000AA070,Рейтинговое агентство 1,Международная шкала,  A+,21
371,2021-07-01,2021-07-22,70,  XS00000AA070,Рейтинговое агентство 2,Суверенная шкала,  AA,23
372,2021-07-22,2021-07-22,70,  XS00000AA070,Рейтинговое агентство 2,Суверенная шкала,  NR,23
374,2021-07-23,2021-08-31,70,  XS00000AA070,Рейтинговое агентство 1,Международная шкала,  NR,21
373,2021-07-22,2021-07-23,70,  XS00000AA070,Рейтинговое агентство 3,Суверенная шкала,  Withdrawn,22
375,2021-06-09,2021-07-05,71,  XS00000AA071,Рейтинговое агентство 1,Международная шкала,  B-,11
376,2021-07-05,2021-07-19,71,  XS00000AA071,Рейтинговое агентство 1,Международная шкала,  B-,11
377,2021-07-19,2021-07-21,71,  XS00000AA071,Рейтинговое агентство 1,Международная шкала,  B-,11
379,2021-07-23,2021-08-31,71,  XS00000AA071,Рейтинговое агентство 1,Международная шкала,  NR,11
378,2021-07-21,2021-07-23,71,  XS00000AA071,Рейтинговое агентство 3,Суверенная шкала,  Withdrawn,10
382,2021-06-22,2021-07-13,72,  XS00000AA072,Рейтинговое агентство 3,Суверенная шкала,  Ca,6
381,2021-06-18,2021-06-22,72,  XS00000AA072,Рейтинговое агентство 1,Суверенная шкала,  CC,6
380,2021-06-17,2021-06-18,72,  XS00000AA072,Рейтинговое агентство 1,Суверенная шкала,  CCC+,10
383,2021-07-13,2021-07-13,72,  XS00000AA072,Рейтинговое агентство 1,Суверенная шкала,  D,5
384,2021-07-13,2021-07-23,72,  XS00000AA072,Рейтинговое агентство 1,Суверенная шкала,  NR,5
385,2021-07-23,2021-08-31,72,  XS00000AA072,Рейтинговое агентство 3,Суверенная шкала,  Withdrawn,4
388,2021-06-22,2021-07-13,73,  XS00000AA073,Рейтинговое агентство 3,Суверенная шкала,  Ca,6
387,2021-06-18,2021-06-22,73,  XS00000AA073,Рейтинговое агентство 1,Суверенная шкала,  CC,6
386,2021-06-17,2021-06-18,73,  XS00000AA073,Рейтинговое агентство 1,Суверенная шкала,  CCC+,10
389,2021-07-13,2021-07-13,73,  XS00000AA073,Рейтинговое агентство 1,Суверенная шкала,  D,5
390,2021-07-13,2021-07-23,73,  XS00000AA073,Рейтинговое агентство 1,Суверенная шкала,  NR,5
391,2021-07-23,2021-08-31,73,  XS00000AA073,Рейтинговое агентство 3,Суверенная шкала,  Withdrawn,4
393,2021-06-24,2021-06-24,74,  XS00000AA074,Рейтинговое агентство 2,Международная шкала,  A,20
395,2021-07-13,2021-07-13,74,  XS00000AA074,Рейтинговое агентство 2,Международная шкала,  A,20
394,2021-06-24,2021-07-13,74,  XS00000AA074,Рейтинговое агентство 3,Международная шкала,  A2,20
396,2021-07-13,2021-07-22,74,  XS00000AA074,Рейтинговое агентство 3,Международная шкала,  A3,19
392,2021-06-23,2021-06-24,74,  XS00000AA074,Рейтинговое агентство 1,Суверенная шкала,  BBB+,19
397,2021-07-22,2021-08-31,74,  XS00000AA074,Рейтинговое агентство 1,Суверенная шкала,  BBB+,19
399,2021-07-15,2021-07-21,75,  XS00000AA075,Рейтинговое агентство 2,Международная шкала,  AA,23
398,2021-06-16,2021-07-15,75,  XS00000AA075,Рейтинговое агентство 3,Международная шкала,  Aa2,23
400,2021-07-21,2021-07-21,75,  XS00000AA075,Рейтинговое агентство 2,Международная шкала,  NR,23
402,2021-07-22,2021-08-31,75,  XS00000AA075,Рейтинговое агентство 1,Суверенная шкала,  NR,23
401,2021-07-21,2021-07-22,75,  XS00000AA075,Рейтинговое агентство 3,Международная шкала,  Withdrawn,22
403,2021-06-24,2021-07-01,76,  XS00000AA076,Рейтинговое агентство 1,Суверенная шкала,  A,20
404,2021-07-01,2021-07-20,76,  XS00000AA076,Рейтинговое агентство 2,Международная шкала,  AA-,22
405,2021-07-20,2021-07-20,76,  XS00000AA076,Рейтинговое агентство 2,Международная шкала,  NR,22
407,2021-07-21,2021-08-31,76,  XS00000AA076,Рейтинговое агентство 1,Суверенная шкала,  NR,20
406,2021-07-20,2021-07-21,76,  XS00000AA076,Рейтинговое агентство 3,Международная шкала,  Withdrawn,21
408,2021-06-24,2021-07-01,77,  XS00000AA077,Рейтинговое агентство 1,Суверенная шкала,  A+,21
409,2021-07-01,2021-07-20,77,  XS00000AA077,Рейтинговое агентство 2,Международная шкала,  AA,23
410,2021-07-20,2021-07-20,77,  XS00000AA077,Рейтинговое агентство 2,Международная шкала,  NR,23
412,2021-07-21,2021-08-31,77,  XS00000AA077,Рейтинговое агентство 1,Суверенная шкала,  NR,21
411,2021-07-20,2021-07-21,77,  XS00000AA077,Рейтинговое агентство 3,Международная шкала,  Withdrawn,22
413,2021-06-07,2021-06-08,78,  XS00000AA078,Рейтинговое агентство 2,Международная шкала,  A,20
418,2021-07-21,2021-08-31,78,  XS00000AA078,Рейтинговое агентство 2,Международная шкала,  A,20
415,2021-06-14,2021-06-24,78,  XS00000AA078,Рейтинговое агентство 3,Международная шкала,  Baa2,18
417,2021-07-13,2021-07-21,78,  XS00000AA078,Рейтинговое агентство 3,Международная шкала,  Baa2,18
414,2021-06-08,2021-06-14,78,  XS00000AA078,Рейтинговое агентство 1,Суверенная шкала,  BBB,18
416,2021-06-24,2021-07-13,78,  XS00000AA078,Рейтинговое агентство 1,Суверенная шкала,  BBB,18
419,2021-06-07,2021-06-08,79,  XS00000AA079,Рейтинговое агентство 2,Международная шкала,  A,20
424,2021-07-21,2021-08-31,79,  XS00000AA079,Рейтинговое агентство 2,Международная шкала,  A,20
421,2021-06-14,2021-06-24,79,  XS00000AA079,Рейтинговое агентство 3,Международная шкала,  Baa2,18
423,2021-07-13,2021-07-21,79,  XS00000AA079,Рейтинговое агентство 3,Международная шкала,  Baa2,18
420,2021-06-08,2021-06-14,79,  XS00000AA079,Рейтинговое агентство 1,Суверенная шкала,  BBB,18
422,2021-06-24,2021-07-13,79,  XS00000AA079,Рейтинговое агентство 1,Суверенная шкала,  BBB,18
426,2021-06-07,2021-06-07,80,  XS00000AA080,Рейтинговое агентство 2,Международная шкала,  A,20
430,2021-07-21,2021-08-31,80,  XS00000AA080,Рейтинговое агентство 2,Международная шкала,  A,20
427,2021-06-07,2021-06-24,80,  XS00000AA080,Рейтинговое агентство 3,Международная шкала,  Baa2,18
429,2021-07-13,2021-07-21,80,  XS00000AA080,Рейтинговое агентство 3,Международная шкала,  Baa2,18
425,2021-06-07,2021-06-07,80,  XS00000AA080,Рейтинговое агентство 1,Суверенная шкала,  BBB,18
428,2021-06-24,2021-07-13,80,  XS00000AA080,Рейтинговое агентство 1,Суверенная шкала,  BBB,18
433,2021-07-13,2021-07-19,81,  XS00000AA081,Рейтинговое агентство 3,Международная шкала,  Baa2,18
431,2021-06-24,2021-07-05,81,  XS00000AA081,Рейтинговое агентство 1,Суверенная шкала,  BB+,16
432,2021-07-05,2021-07-13,81,  XS00000AA081,Рейтинговое агентство 2,Международная шкала,  BBB,18
434,2021-07-19,2021-07-21,81,  XS00000AA081,Рейтинговое агентство 3,Международная шкала,  Withdrawn,17
435,2021-07-21,2021-08-31,81,  XS00000AA081,Рейтинговое агентство 2,Международная шкала,  Withdrawn,17
438,2021-07-13,2021-07-19,82,  XS00000AA082,Рейтинговое агентство 3,Международная шкала,  Baa2,18
436,2021-06-24,2021-07-05,82,  XS00000AA082,Рейтинговое агентство 1,Суверенная шкала,  BB+,16
437,2021-07-05,2021-07-13,82,  XS00000AA082,Рейтинговое агентство 2,Международная шкала,  BBB,18
439,2021-07-19,2021-07-21,82,  XS00000AA082,Рейтинговое агентство 3,Международная шкала,  Withdrawn,17
440,2021-07-21,2021-08-31,82,  XS00000AA082,Рейтинговое агентство 2,Международная шкала,  Withdrawn,17
441,2021-06-24,2021-07-13,83,  XS00000AA083,Рейтинговое агентство 1,Суверенная шкала,  A+,21
442,2021-07-13,2021-07-19,83,  XS00000AA083,Рейтинговое агентство 3,Международная шкала,  Aa2,23
443,2021-07-19,2021-07-19,83,  XS00000AA083,Рейтинговое агентство 2,Международная шкала,  NR,23
445,2021-07-20,2021-08-31,83,  XS00000AA083,Рейтинговое агентство 1,Суверенная шкала,  NR,21
444,2021-07-19,2021-07-20,83,  XS00000AA083,Рейтинговое агентство 3,Международная шкала,  Withdrawn,22
449,2021-06-07,2021-07-20,84,  XS00000AA084,Рейтинговое агентство 3,Суверенная шкала,  Baa2,18
446,2021-06-07,2021-06-07,84,  XS00000AA084,Рейтинговое агентство 1,Международная шкала,  BBB,18
450,2021-07-20,2021-08-31,84,  XS00000AA084,Рейтинговое агентство 1,Международная шкала,  BBB,18
447,2021-06-07,2021-06-07,84,  XS00000AA084,Рейтинговое агентство 2,Международная шкала,  BBB+,19
448,2021-06-07,2021-06-07,84,  XS00000AA084,Рейтинговое агентство 2,Суверенная шкала,  BBB+,19
454,2021-06-07,2021-07-20,85,  XS00000AA085,Рейтинговое агентство 3,Суверенная шкала,  Baa2,18
451,2021-06-07,2021-06-07,85,  XS00000AA085,Рейтинговое агентство 1,Международная шкала,  BBB,18
455,2021-07-20,2021-08-31,85,  XS00000AA085,Рейтинговое агентство 1,Международная шкала,  BBB,18
452,2021-06-07,2021-06-07,85,  XS00000AA085,Рейтинговое агентство 2,Международная шкала,  BBB+,19
453,2021-06-07,2021-06-07,85,  XS00000AA085,Рейтинговое агентство 2,Суверенная шкала,  BBB+,19
456,2021-06-24,2021-07-01,86,  XS00000AA086,Рейтинговое агентство 1,Международная шкала,  A+,21
457,2021-07-01,2021-07-07,86,  XS00000AA086,Рейтинговое агентство 2,Суверенная шкала,  AA,23
458,2021-07-07,2021-07-07,86,  XS00000AA086,Рейтинговое агентство 1,Международная шкала,  NR,21
459,2021-07-07,2021-07-19,86,  XS00000AA086,Рейтинговое агентство 2,Суверенная шкала,  Withdrawn,22
460,2021-07-19,2021-08-31,86,  XS00000AA086,Рейтинговое агентство 3,Суверенная шкала,  Withdrawn,21
461,2021-06-24,2021-07-13,87,  XS00000AA087,Рейтинговое агентство 1,Международная шкала,  A,20
462,2021-07-13,2021-07-16,87,  XS00000AA087,Рейтинговое агентство 3,Суверенная шкала,  A1,21
463,2021-07-16,2021-07-16,87,  XS00000AA087,Рейтинговое агентство 2,Суверенная шкала,  NR,21
465,2021-07-18,2021-08-31,87,  XS00000AA087,Рейтинговое агентство 1,Международная шкала,  NR,21
464,2021-07-16,2021-07-18,87,  XS00000AA087,Рейтинговое агентство 3,Суверенная шкала,  Withdrawn,20
466,2021-06-24,2021-07-13,88,  XS00000AA088,Рейтинговое агентство 1,Суверенная шкала,  A+,21
467,2021-07-13,2021-07-15,88,  XS00000AA088,Рейтинговое агентство 3,Международная шкала,  Aa2,23
468,2021-07-15,2021-07-15,88,  XS00000AA088,Рейтинговое агентство 2,Международная шкала,  NR,23
470,2021-07-16,2021-08-31,88,  XS00000AA088,Рейтинговое агентство 1,Суверенная шкала,  NR,21
469,2021-07-15,2021-07-16,88,  XS00000AA088,Рейтинговое агентство 3,Международная шкала,  Withdrawn,22
473,2021-06-15,2021-06-16,89,  XS00000AA089,Рейтинговое агентство 2,Суверенная шкала,  A+,21
475,2021-07-16,2021-08-31,89,  XS00000AA089,Рейтинговое агентство 2,Суверенная шкала,  A+,21
472,2021-06-14,2021-06-15,89,  XS00000AA089,Рейтинговое агентство 3,Суверенная шкала,  A3,19
474,2021-06-16,2021-07-16,89,  XS00000AA089,Рейтинговое агентство 3,Суверенная шкала,  A3,19
471,2021-06-11,2021-06-14,89,  XS00000AA089,Рейтинговое агентство 1,Международная шкала,  BBB+,19
476,2021-06-21,2021-06-21,90,  XS00000AA090,Рейтинговое агентство 1,Международная шкала,  AA+,24
477,2021-06-21,2021-06-22,90,  XS00000AA090,Рейтинговое агентство 1,Международная шкала,  AA+,24
478,2021-06-22,2021-06-29,90,  XS00000AA090,Рейтинговое агентство 3,Суверенная шкала,  Aaa,25
479,2021-06-29,2021-07-14,90,  XS00000AA090,Рейтинговое агентство 2,Суверенная шкала,  AAA,25
480,2021-07-14,2021-08-31,90,  XS00000AA090,Рейтинговое агентство 2,Суверенная шкала,  AAA,25
481,2021-06-22,2021-06-22,91,  XS00000AA091,Рейтинговое агентство 1,Международная шкала,  AA+,24
482,2021-06-22,2021-06-23,91,  XS00000AA091,Рейтинговое агентство 1,Международная шкала,  AA+,24
483,2021-06-23,2021-06-29,91,  XS00000AA091,Рейтинговое агентство 3,Суверенная шкала,  Aaa,25
484,2021-06-29,2021-07-14,91,  XS00000AA091,Рейтинговое агентство 2,Суверенная шкала,  AAA,25
485,2021-07-14,2021-08-31,91,  XS00000AA091,Рейтинговое агентство 2,Суверенная шкала,  AAA,25
486,2021-06-23,2021-06-23,92,  XS00000AA092,Рейтинговое агентство 1,Международная шкала,  AA+,24
487,2021-06-23,2021-06-24,92,  XS00000AA092,Рейтинговое агентство 1,Международная шкала,  AA+,24
488,2021-06-24,2021-06-29,92,  XS00000AA092,Рейтинговое агентство 3,Суверенная шкала,  Aaa,25
489,2021-06-29,2021-07-14,92,  XS00000AA092,Рейтинговое агентство 2,Суверенная шкала,  AAA,25
490,2021-07-14,2021-08-31,92,  XS00000AA092,Рейтинговое агентство 2,Суверенная шкала,  AAA,25
491,2021-06-22,2021-06-22,93,  XS00000AA093,Рейтинговое агентство 1,Международная шкала,  AA+,24
492,2021-06-22,2021-06-23,93,  XS00000AA093,Рейтинговое агентство 1,Международная шкала,  AA+,24
493,2021-06-23,2021-06-29,93,  XS00000AA093,Рейтинговое агентство 3,Суверенная шкала,  Aaa,25
494,2021-06-29,2021-07-14,93,  XS00000AA093,Рейтинговое агентство 2,Суверенная шкала,  AAA,25
495,2021-07-14,2021-08-31,93,  XS00000AA093,Рейтинговое агентство 2,Суверенная шкала,  AAA,25
496,2021-06-15,2021-06-25,94,  XS00000AA094,Рейтинговое агентство 1,Суверенная шкала,  AA-,22
497,2021-06-25,2021-07-12,94,  XS00000AA094,Рейтинговое агентство 2,Международная шкала,  AA-,22
498,2021-07-12,2021-07-12,94,  XS00000AA094,Рейтинговое агентство 2,Международная шкала,  NR,22
500,2021-07-13,2021-08-31,94,  XS00000AA094,Рейтинговое агентство 1,Суверенная шкала,  NR,22
499,2021-07-12,2021-07-13,94,  XS00000AA094,Рейтинговое агентство 3,Международная шкала,  Withdrawn,21
501,2021-06-14,2021-06-15,95,  XS00000AA095,Рейтинговое агентство 1,Суверенная шкала,  A-,19
504,2021-06-24,2021-07-05,95,  XS00000AA095,Рейтинговое агентство 1,Суверенная шкала,  A-,19
502,2021-06-15,2021-06-17,95,  XS00000AA095,Рейтинговое агентство 2,Международная шкала,  A+,21
505,2021-07-05,2021-07-13,95,  XS00000AA095,Рейтинговое агентство 2,Международная шкала,  A+,21
506,2021-07-13,2021-08-31,95,  XS00000AA095,Рейтинговое агентство 3,Международная шкала,  A2,20
503,2021-06-17,2021-06-24,95,  XS00000AA095,Рейтинговое агентство 3,Международная шкала,  A3,19
508,2021-06-08,2021-06-08,96,  XS00000AA096,Рейтинговое агентство 2,Международная шкала,  A,20
510,2021-06-11,2021-06-28,96,  XS00000AA096,Рейтинговое агентство 2,Международная шкала,  A,20
512,2021-07-13,2021-08-31,96,  XS00000AA096,Рейтинговое агентство 3,Международная шкала,  Baa2,18
509,2021-06-08,2021-06-11,96,  XS00000AA096,Рейтинговое агентство 3,Международная шкала,  Baa3,17
507,2021-06-08,2021-06-08,96,  XS00000AA096,Рейтинговое агентство 1,Суверенная шкала,  BBB+,19
511,2021-06-28,2021-07-13,96,  XS00000AA096,Рейтинговое агентство 1,Суверенная шкала,  BBB+,19
514,2021-06-10,2021-06-11,97,  XS00000AA097,Рейтинговое агентство 2,Международная шкала,  A,20
517,2021-07-05,2021-07-13,97,  XS00000AA097,Рейтинговое агентство 2,Международная шкала,  A,20
518,2021-07-13,2021-08-31,97,  XS00000AA097,Рейтинговое агентство 3,Международная шкала,  Baa1,19
515,2021-06-11,2021-06-24,97,  XS00000AA097,Рейтинговое агентство 3,Международная шкала,  Baa2,18
513,2021-06-10,2021-06-10,97,  XS00000AA097,Рейтинговое агентство 1,Суверенная шкала,  BBB,18
516,2021-06-24,2021-07-05,97,  XS00000AA097,Рейтинговое агентство 1,Суверенная шкала,  BBB,18
520,2021-06-10,2021-06-10,98,  XS00000AA098,Рейтинговое агентство 2,Международная шкала,  A,20
523,2021-07-05,2021-07-13,98,  XS00000AA098,Рейтинговое агентство 2,Международная шкала,  A,20
521,2021-06-10,2021-06-24,98,  XS00000AA098,Рейтинговое агентство 3,Международная шкала,  Baa1,19
524,2021-07-13,2021-08-31,98,  XS00000AA098,Рейтинговое агентство 3,Международная шкала,  Baa1,19
519,2021-06-10,2021-06-10,98,  XS00000AA098,Рейтинговое агентство 1,Суверенная шкала,  BBB,18
522,2021-06-24,2021-07-05,98,  XS00000AA098,Рейтинговое агентство 1,Суверенная шкала,  BBB,18
525,2021-06-24,2021-06-25,99,  XS00000AA099,Рейтинговое агентство 1,Суверенная шкала,  B+,13
529,2021-07-13,2021-08-31,99,  XS00000AA099,Рейтинговое агентство 3,Международная шкала,  Ba1,16
527,2021-06-28,2021-07-05,99,  XS00000AA099,Рейтинговое агентство 3,Международная шкала,  Ba2,15
526,2021-06-25,2021-06-28,99,  XS00000AA099,Рейтинговое агентство 2,Международная шкала,  BBB-,17
528,2021-07-05,2021-07-13,99,  XS00000AA099,Рейтинговое агентство 2,Международная шкала,  BBB-,17
535,2021-07-13,2021-08-31,100,  XS00000AA100,Рейтинговое агентство 3,Суверенная шкала,  A3,19
532,2021-06-08,2021-06-24,100,  XS00000AA100,Рейтинговое агентство 3,Суверенная шкала,  Baa1,19
530,2021-06-08,2021-06-08,100,  XS00000AA100,Рейтинговое агентство 1,Международная шкала,  BBB-,17
533,2021-06-24,2021-07-05,100,  XS00000AA100,Рейтинговое агентство 1,Международная шкала,  BBB-,17
531,2021-06-08,2021-06-08,100,  XS00000AA100,Рейтинговое агентство 2,Суверенная шкала,  BBB+,19
534,2021-07-05,2021-07-13,100,  XS00000AA100,Рейтинговое агентство 2,Суверенная шкала,  BBB+,19
536,2021-06-10,2021-06-24,101,  XS00000AA101,Рейтинговое агентство 2,Суверенная шкала,  A,20
537,2021-06-24,2021-07-10,101,  XS00000AA101,Рейтинговое агентство 1,Международная шкала,  A-,19
538,2021-07-10,2021-07-10,101,  XS00000AA101,Рейтинговое агентство 2,Суверенная шкала,  NR,20
540,2021-07-11,2021-08-31,101,  XS00000AA101,Рейтинговое агентство 1,Международная шкала,  NR,19
539,2021-07-10,2021-07-11,101,  XS00000AA101,Рейтинговое агентство 3,Суверенная шкала,  Withdrawn,19
541,2021-06-24,2021-07-05,102,  XS00000AA102,Рейтинговое агентство 1,Суверенная шкала,  A,20
542,2021-07-05,2021-07-08,102,  XS00000AA102,Рейтинговое агентство 2,Международная шкала,  A+,21
543,2021-07-08,2021-07-08,102,  XS00000AA102,Рейтинговое агентство 2,Международная шкала,  NR,21
545,2021-07-09,2021-08-31,102,  XS00000AA102,Рейтинговое агентство 1,Суверенная шкала,  NR,20
544,2021-07-08,2021-07-09,102,  XS00000AA102,Рейтинговое агентство 3,Международная шкала,  Withdrawn,20
546,2021-06-07,2021-06-22,103,  XS00000AA103,Рейтинговое агентство 1,Международная шкала,  A,20
547,2021-06-22,2021-07-08,103,  XS00000AA103,Рейтинговое агентство 1,Международная шкала,  BBB+,19
548,2021-07-08,2021-07-08,103,  XS00000AA103,Рейтинговое агентство 2,Суверенная шкала,  NR,20
550,2021-07-09,2021-08-31,103,  XS00000AA103,Рейтинговое агентство 1,Международная шкала,  NR,19
549,2021-07-08,2021-07-09,103,  XS00000AA103,Рейтинговое агентство 3,Суверенная шкала,  Withdrawn,19
551,2021-06-24,2021-06-25,104,  XS00000AA104,Рейтинговое агентство 1,Международная шкала,  A+,21
554,2021-07-01,2021-07-08,104,  XS00000AA104,Рейтинговое агентство 2,Суверенная шкала,  AA,23
552,2021-06-25,2021-06-30,104,  XS00000AA104,Рейтинговое агентство 1,Международная шкала,  NR,21
553,2021-06-30,2021-07-01,104,  XS00000AA104,Рейтинговое агентство 3,Суверенная шкала,  Withdrawn,22
555,2021-07-08,2021-08-31,104,  XS00000AA104,Рейтинговое агентство 2,Суверенная шкала,  Withdrawn,21
557,2021-07-05,2021-07-06,105,  XS00000AA105,Рейтинговое агентство 2,Международная шкала,  A,20
556,2021-06-24,2021-07-05,105,  XS00000AA105,Рейтинговое агентство 1,Суверенная шкала,  BBB+,19
558,2021-07-06,2021-07-06,105,  XS00000AA105,Рейтинговое агентство 2,Международная шкала,  NR,20
560,2021-07-07,2021-08-31,105,  XS00000AA105,Рейтинговое агентство 1,Суверенная шкала,  NR,19
559,2021-07-06,2021-07-07,105,  XS00000AA105,Рейтинговое агентство 3,Международная шкала,  Withdrawn,19
562,2021-06-14,2021-07-01,106,  XS00000AA106,Рейтинговое агентство 2,Международная шкала,  B,12
563,2021-07-01,2021-07-02,106,  XS00000AA106,Рейтинговое агентство 1,Суверенная шкала,  B,12
561,2021-06-14,2021-06-14,106,  XS00000AA106,Рейтинговое агентство 1,Суверенная шкала,  B-,11
565,2021-07-07,2021-08-31,106,  XS00000AA106,Рейтинговое агентство 3,Международная шкала,  B2,12
564,2021-07-02,2021-07-07,106,  XS00000AA106,Рейтинговое агентство 2,Международная шкала,  BB-,14
567,2021-06-14,2021-07-01,107,  XS00000AA107,Рейтинговое агентство 2,Международная шкала,  B,12
568,2021-07-01,2021-07-02,107,  XS00000AA107,Рейтинговое агентство 1,Суверенная шкала,  B,12
566,2021-06-14,2021-06-14,107,  XS00000AA107,Рейтинговое агентство 1,Суверенная шкала,  B-,11
570,2021-07-07,2021-08-31,107,  XS00000AA107,Рейтинговое агентство 3,Международная шкала,  B2,12
569,2021-07-02,2021-07-07,107,  XS00000AA107,Рейтинговое агентство 2,Международная шкала,  BB-,14
574,2021-06-21,2021-06-29,108,  XS00000AA108,Рейтинговое агентство 3,Суверенная шкала,  Baa2,18
572,2021-06-21,2021-06-21,108,  XS00000AA108,Рейтинговое агентство 2,Международная шкала,  BBB,18
573,2021-06-21,2021-06-21,108,  XS00000AA108,Рейтинговое агентство 2,Суверенная шкала,  BBB,18
571,2021-06-21,2021-06-21,108,  XS00000AA108,Рейтинговое агентство 1,Международная шкала,  BBB+,19
575,2021-06-29,2021-08-31,108,  XS00000AA108,Рейтинговое агентство 1,Международная шкала,  BBB+,19
579,2021-06-21,2021-06-29,109,  XS00000AA109,Рейтинговое агентство 3,Суверенная шкала,  Baa2,18
577,2021-06-21,2021-06-21,109,  XS00000AA109,Рейтинговое агентство 2,Международная шкала,  BBB,18
578,2021-06-21,2021-06-21,109,  XS00000AA109,Рейтинговое агентство 2,Суверенная шкала,  BBB,18
576,2021-06-21,2021-06-21,109,  XS00000AA109,Рейтинговое агентство 1,Международная шкала,  BBB+,19
580,2021-06-29,2021-08-31,109,  XS00000AA109,Рейтинговое агентство 1,Международная шкала,  BBB+,19
584,2021-06-21,2021-06-29,110,  XS00000AA110,Рейтинговое агентство 3,Суверенная шкала,  Baa2,18
582,2021-06-21,2021-06-21,110,  XS00000AA110,Рейтинговое агентство 2,Международная шкала,  BBB,18
583,2021-06-21,2021-06-21,110,  XS00000AA110,Рейтинговое агентство 2,Суверенная шкала,  BBB,18
581,2021-06-21,2021-06-21,110,  XS00000AA110,Рейтинговое агентство 1,Международная шкала,  BBB+,19
585,2021-06-29,2021-08-31,110,  XS00000AA110,Рейтинговое агентство 1,Международная шкала,  BBB+,19
586,2021-06-03,2021-06-21,111,  XS00000AA111,Рейтинговое агентство 1,Международная шкала,  A-,19
587,2021-06-21,2021-06-28,111,  XS00000AA111,Рейтинговое агентство 2,Суверенная шкала,  A-,19
588,2021-06-28,2021-06-28,111,  XS00000AA111,Рейтинговое агентство 2,Суверенная шкала,  NR,19
590,2021-06-29,2021-08-31,111,  XS00000AA111,Рейтинговое агентство 1,Международная шкала,  NR,19
589,2021-06-28,2021-06-29,111,  XS00000AA111,Рейтинговое агентство 3,Суверенная шкала,  Withdrawn,18
591,2021-06-17,2021-06-17,112,  XS00000AA112,Рейтинговое агентство 1,Суверенная шкала,  A-,19
592,2021-06-17,2021-06-17,112,  XS00000AA112,Рейтинговое агентство 2,Международная шкала,  A-,19
593,2021-06-17,2021-06-24,112,  XS00000AA112,Рейтинговое агентство 3,Международная шкала,  A3,19
594,2021-06-24,2021-06-24,112,  XS00000AA112,Рейтинговое агентство 2,Международная шкала,  NR,19
596,2021-06-25,2021-08-31,112,  XS00000AA112,Рейтинговое агентство 1,Суверенная шкала,  NR,19
595,2021-06-24,2021-06-25,112,  XS00000AA112,Рейтинговое агентство 3,Международная шкала,  Withdrawn,18
597,2021-06-10,2021-06-11,113,  XS00000AA113,Рейтинговое агентство 1,Суверенная шкала,  AA-,22
599,2021-06-15,2021-06-15,113,  XS00000AA113,Рейтинговое агентство 1,Суверенная шкала,  AA-,22
600,2021-06-15,2021-06-25,113,  XS00000AA113,Рейтинговое агентство 2,Международная шкала,  AA-,22
601,2021-06-25,2021-08-31,113,  XS00000AA113,Рейтинговое агентство 2,Международная шкала,  AA-,22
598,2021-06-11,2021-06-15,113,  XS00000AA113,Рейтинговое агентство 3,Международная шкала,  Aa2,23
